overall_entropy,grad_entropy,l1_entropy,l1_grad_entropy,l2_entropy,l2_grad_entropy,num_steps,success
0.9055203186240565,0.6736931259798383,1.082587972060778,0.9027090151516258,0.9064852098058976,0.7249449986558486,-1,False
1.1448092401656436,0.8352000625456034,1.117986413428416,0.7917584431274342,1.1994043705282602,0.9191554813794152,340000,True
1.0973787822301293,0.7666042143538673,1.3970054651390642,0.949842240993477,1.0653737692943406,0.7541087076496986,-1,False
1.1046049614149165,0.6999480148475397,1.1424878181547367,0.9891102073647547,1.1482972105127511,0.7282963542301861,-1,False
1.4248485411859415,0.9904255517121904,1.363901971542908,0.8241637601659874,1.4407324448096823,0.9223045344749433,-1,False
0.6350411997662853,0.22604292885492505,0.8218268102257826,0.6222555227089964,0.6332289801112618,0.23019969910461527,-1,False
1.2256421406270501,0.8606493427224643,1.2277034429307392,0.9597782116700269,1.2445049547809681,0.8896720062855503,545000,True
1.205241298237688,0.6668968139482576,1.0871497763953355,0.7822830424345834,1.2631057738078146,0.7471821038682946,25000,True
1.074547930794781,0.6376894160286082,1.3371148751465227,0.7725128766949282,1.0544784566937813,0.7900033512596406,115000,True
1.0492377614197312,0.7917069315336308,0.9005837798321993,0.7857708960985139,1.1600597916235165,0.8369384645067205,85000,True
1.06619962763197,0.5441673277941711,1.0505648311775084,0.6607153937209531,1.1406923317045738,0.6310105401415003,-1,False
1.0464451281184382,0.6295753100519755,0.9590476516015913,0.6757762415077013,1.1131893353026259,0.8084327444996818,-1,False
0.8183113845601448,0.6569804034257196,1.2202397684560475,0.8697692044565201,0.8341416362650631,0.6930648748188489,-1,False
0.8764496856341942,0.5378668783602873,1.3005797139107482,0.8272519693415522,0.8676730978005415,0.5287462906487124,335000,True
0.8563232063502023,0.6158203516530928,0.7236483765232097,0.7418400571166447,1.2900785038117801,0.680476138597229,-1,False
1.3619264753175846,0.6408091431852655,1.2638058670033783,0.6544846300864431,1.4080247768583016,0.7183215688088951,-1,False
0.6270382585585178,0.6255372018636116,0.8215321837607273,0.7218337907284414,0.8953157554378259,0.6886445995849982,130000,True
1.2809247399446668,0.7410694118821511,1.080930964570986,0.8446324513864589,1.3856165761940553,0.818607281133406,170000,True
0.5545782928799977,0.49501056676784017,0.5627168332071806,0.5749505733391465,0.6081617786877169,0.5236649055037053,275000,True
0.8564520692271688,0.4498061805297281,0.7365116590476507,0.3141472801474515,0.9131746221864814,0.48061943597019774,-1,False
0.8066808201132694,0.5826944269312052,1.087826324226144,0.7981893385682977,0.7578609351012432,0.527164835728834,-1,False
0.9251179216141804,0.7111173287097702,0.941172899842941,0.76302239246616,1.2857414402809155,0.7518255558863383,215000,True
1.1047163544513754,0.5560335909675476,0.9593834315481617,0.6530372375639247,1.1607743242671726,0.789440446029412,-1,False
0.3984602046097307,0.14506206534012345,0.5708782026819567,0.24309667304723662,0.3771671589122905,0.42091718479120643,180000,True
0.7898648482541644,0.6133966165684908,1.3941176815116696,0.8757011982490699,0.7218892875872027,0.5643010566916732,-1,False
1.387673055334438,0.9877418860695648,1.2492115015252692,0.8806525511636397,1.417236465558442,1.1185592188864724,-1,False
1.0621376449644038,0.6630189140335905,1.1912468567428207,0.6537637304598451,1.0948934246869204,0.7646098276362524,-1,False
1.096671215592714,0.5755244291852535,1.0196268448988959,0.6709583608847516,1.1711951228685877,0.5692375308253297,-1,False
1.211114425706695,0.8564718348615781,1.3079130914480224,0.95079961802652,1.2595857276108575,0.8871936249062465,345000,True
1.067639903299202,0.7303139306034713,1.198534429213645,0.5614629814766853,1.0808731763805475,0.6944183740095149,-1,False
0.7956372243596851,0.4344391103827058,0.9852402438031964,0.5317747356397492,0.8716397815198492,0.4432970128576783,165000,True
1.0809946756127624,0.8412755938631267,1.209339355701548,0.9183589876171464,1.0948676245842297,0.8788112268142516,145000,True
0.9645642077049175,0.45825681129045326,0.8977246778269465,0.857954234917975,1.031770550062096,0.4991307317434112,-1,False
1.059487039167075,0.6863231563495308,1.1858881051083385,1.0556369174841431,1.0438387574275096,0.6867900352184668,-1,False
1.148137316963678,0.7059908490171837,1.076292169683763,0.7168488488858591,1.221361072592306,0.7753476945867717,-1,False
0.9835385233362257,0.5438795917504237,1.0768877707996458,0.7101061521709534,1.0033464632586653,0.782229790374977,-1,False
1.0007855168464652,0.669933742175702,1.2346787960162702,0.8062028727593137,0.9811023992545358,0.821290137112657,-1,False
1.198890737753018,0.6439703662542663,1.085423441728121,0.6780391076039388,1.3220071937271982,0.7589153799330763,-1,False
0.9322484978513152,0.33239249359880285,0.9872452041272133,0.5094472171203354,0.9793732145796504,0.4053341504628839,-1,False
1.1621045787622726,0.7458552963151976,1.0734650649995288,0.8261640082448428,1.2215112436588664,0.7967949862969315,-1,False
0.9738810539209032,0.7830479646528683,1.1360368318297283,0.48863431674078256,0.9727456290563282,0.7382503446655359,-1,False
0.6892374065901187,0.47959902713707614,0.8520353295502657,0.5789946524188051,0.771189643808668,0.6252632241707213,190000,True
1.121908705878526,0.8491448455488642,1.264344889585585,0.7816984935913674,1.070452101640981,0.721648246284809,210000,True
1.1332036243037065,0.9203355644214164,1.3000142596611601,1.0169953840757673,1.0587817364066563,1.028213779483146,-1,False
1.0866235646881865,0.7382248963943225,1.399587332890753,0.9343137137431928,1.1527011514282908,0.7806599340406487,-1,False
1.173860761109355,0.8309418181690801,1.163501178239626,0.6575898043614429,1.226194114752843,0.851871686268475,-1,False
0.9632016457587025,0.42647411009914393,0.8149521102921184,0.4744030119869539,1.195374288659219,0.7335277951555836,250000,True
0.9975118447594306,0.844918815809707,1.3938200436484482,0.8897207443568983,0.9600089478337204,0.8023884362859043,-1,False
0.6437842383480111,0.3919132105536098,0.8564377086302936,0.7164761638407451,0.8560100550578132,0.4881913325477358,-1,False
1.031017891558915,0.7782566230491522,1.2717933365498224,0.9566513106887352,0.9446091883103189,0.7204258584819101,-1,False
1.0299764053836753,0.5467755597400326,1.1682731029686915,0.8084598432181433,1.101711147181005,0.5884104177320665,35000,True
0.8532903030894914,0.37080448284194006,0.7837977690559764,0.6545848864581556,0.9231720853734239,0.375927520623596,-1,False
1.0236319811155488,0.7757069303081376,1.2599280401458053,0.816050769951435,1.0094363659978387,0.7482346737500727,235000,True
1.059487039167075,0.6863231563495308,1.1858881051083385,1.0556369174841431,1.0438387574275096,0.6867900352184668,-1,False
1.148137316963678,0.7059908490171837,1.076292169683763,0.7168488488858591,1.221361072592306,0.7753476945867717,-1,False
0.9835385233362257,0.5438795917504237,1.0768877707996458,0.7101061521709534,1.0033464632586653,0.782229790374977,-1,False
1.0007855168464652,0.669933742175702,1.2346787960162702,0.8062028727593137,0.9811023992545358,0.821290137112657,-1,False
1.198890737753018,0.6439703662542663,1.085423441728121,0.6780391076039388,1.3220071937271982,0.7589153799330763,-1,False
1.0185193570404938,0.6357754255390365,1.1545238977464738,0.9171994638873479,1.060607703738572,0.6900344122900207,270000,True
1.1545617720254304,0.6450510207469623,1.173685188507091,0.6041389197454277,1.252852331722422,0.7211359576733388,230000,True
0.9634176739244547,0.7230672949915611,1.1859453418849977,0.67898721396352,1.0049726474452672,0.7393303503515332,-1,False
1.1325079770297146,0.6198604340168193,1.3480354709140068,0.7316293211031788,1.104498014592494,0.6620609964327865,340000,True
0.40830169566714686,0.5924638918346969,0.5249536545974259,0.39425885600909233,0.44444003257415593,0.6016310619451973,245000,True
0.9700711668434323,0.7620026427481681,1.2195742492246369,1.1646961915094143,0.9904279809197273,0.7779015658199427,-1,False
1.2515374621281474,0.7605836899958015,1.1945084383958746,0.9033189921400958,1.3114590917467488,0.8217694852635601,-1,False
0.8987830480212334,0.5470124861580878,1.1311126398620601,0.8360269010639714,0.9065824237801892,0.5845693254205011,205000,True
1.2004227858818304,0.9931070042653246,1.1017257808532965,0.9582399027151058,1.25473222102489,1.0266164171313397,-1,False
0.9730592354033749,0.6150286637958826,1.1121418002304695,0.7450202217189934,0.9886538349320851,0.6527717222065326,-1,False
1.1694682837963262,0.9182034871851947,1.5017280226214742,1.2256782496593928,1.1566782653420624,0.9534064120433782,-1,False
0.9478869843315145,0.708148967511892,0.7958671752548437,0.5873691408291734,1.1237479791156941,0.7673298993377159,-1,False
1.041036169799485,0.6982822101615733,1.057720632014158,0.827018734064495,1.0206806301652513,0.6611538898620508,115000,True
1.285489570964823,0.6755431964852014,1.1031361777840525,0.705032384752632,1.3736454240525577,0.756464965476492,330000,True
1.123293370061614,0.6192092217602077,1.2800267255298605,0.7057802981825413,0.9924208314268027,0.6108328468363341,300000,True
0.3499470105835299,0.47943818170624786,0.5181501496997439,0.5210552630747604,0.45776321785665147,0.48285772962091805,205000,True
1.097464715035281,0.4515165013951671,1.0674600469114357,0.7782556898561419,1.1894274720516893,0.5022289116069235,345000,True
0.9616530692933305,0.4692753169032099,1.2248509946922599,0.6741382493712793,0.8809705740501681,0.5444062174381396,200000,True
0.8760268952387513,0.7011815025965196,1.2764555105205013,0.869558151153256,0.8358545941285006,0.6660874178120194,-1,False
0.9411361303858431,0.9779882720839145,1.0703309785566781,1.0113415743172067,1.0298018848238715,1.0122159659500396,-1,False
1.0856143317014726,0.5694145273044694,1.1876727414430945,0.612900559496905,1.0786458490720883,0.6293279271901446,115000,True
1.1820036944963952,0.7155024449345114,1.3505911411711058,0.7524000298732219,1.1892201730345495,0.7423437883635636,70000,True
1.1804125477350307,0.7464151921097427,1.1040324310991416,1.0769643470811325,1.2188563760658526,0.78967598696864,-1,False
0.840863355841467,0.5176585824561155,0.9886696184342435,0.7970265517578561,0.8504020176827493,0.35389526434501245,-1,False
1.3078274723026335,0.8983140260232856,1.2757265848911608,0.8487570558366772,1.352533120701822,0.9911279356819102,-1,False
1.126260027522219,0.6965835167939624,1.1660884209027578,0.6827283486261743,1.1818895453537326,0.8568006755082782,-1,False
1.000854259202156,0.7737564712117595,1.2122878389146376,0.7377744800182223,0.9139538116998202,0.5761090617685467,-1,False
0.9100420147296105,0.49806950514078674,1.0710358141054799,0.6438868775352701,0.8525135969792327,0.4036536404638711,-1,False
0.818147727513405,0.8678329271166527,1.036445188390236,0.9232128650985292,1.0811631398108905,0.7100849112280354,-1,False
1.1888208979977184,0.6682482309577075,1.2931930800322264,1.0019500880281267,1.140189548822152,0.6015373120211058,-1,False
1.1732484866321766,0.8882952105606128,1.2490464007249917,1.032762482172553,1.179347651938405,0.8898561341180664,-1,False
1.0953898921178375,0.5650338012693487,1.214252817776317,0.6729784257379008,1.0800880107814994,0.5400996821831557,-1,False
1.1372984555553594,0.8400615337839561,1.214819271348353,0.7582600142245559,1.1097925522411176,0.8297761719239407,-1,False
1.0637669524604685,0.7328774513263685,0.9737577674275745,0.7958493476173754,1.237255315913371,0.9534853796472393,110000,True
1.1143069215367858,0.6831523807710987,1.1847063598435117,0.6893603111289147,1.0892077075556053,0.6702667933942688,-1,False
1.0149007532472136,0.7762946945588333,1.4312760532486901,0.8511045970042102,0.8148415425946717,0.5830243677504472,-1,False
1.025380788105574,0.8107380691462535,1.1021192594955584,0.8135071173391026,1.0516359310948142,0.74797351646861,-1,False
0.8889385151470646,0.70424169721205,1.0393018703605288,0.8577387275227977,0.9920770973048925,0.7615339679917208,-1,False
1.0048052208755511,0.5618848910702839,1.0261582189438425,0.7320801411536563,1.0041300203118766,0.6430322122954808,-1,False
1.1094057417882102,0.8078410749783747,1.2426935804320083,0.8912139473540321,1.0520079494457788,0.748718107788754,-1,False
1.1307216883434723,0.9107437217361779,1.2596481270105793,1.0970425544018607,1.1753545888928165,0.9583758198752236,-1,False
1.0304748794134697,0.6731062129467847,1.1916846650015238,0.8378507481519999,0.9828291175292478,0.6158586303496602,-1,False
1.0596037705739119,0.5237214846038166,1.214349350191593,0.676495409041264,1.0409455504191547,0.5680825601407415,-1,False
1.0672537765386105,0.5887310894390504,1.4656923471960592,1.1255118579970622,0.9237953060681079,0.49263643001808793,-1,False
0.9182331904854135,0.5807071059593928,1.2241482799330727,0.8230100193166601,0.9419609300041188,0.5786347517061223,-1,False
1.1266959275237098,0.7673064538706488,1.1222312833245265,0.804106676965973,1.1753081793265656,0.8527232926357147,-1,False
0.9819753385642199,0.9221241955796169,1.0237468743112264,0.9162233687591188,1.1744674258462624,0.9285056997876802,-1,False
1.1546522629322393,0.7955802565558399,1.2255883356812725,1.0410077470973687,1.1792270111892043,0.7789040615617625,-1,False
1.056793746664032,0.7553162681786024,1.2087364645385554,0.9988498584652608,1.0715304030421873,0.938255209408208,-1,False
1.0120061387585915,0.6337716533659337,1.049791190211328,0.6742876247896243,1.0308387645218973,0.6383068722540916,-1,False
1.0772892653621986,0.6144593099803014,1.3428667652244195,0.9154186253891481,1.0214951048882621,0.709730114709326,-1,False
1.1958000358042995,0.903137463843687,1.2553616983398497,1.1560034276882547,1.2065210809161524,0.9349436184593519,-1,False
1.1733946574600616,0.7477055615730626,1.078968869111954,0.9336885590323661,1.212662666712967,0.814049837002538,-1,False
1.1216154233261932,0.8313558625528121,1.2925009785574701,1.0562706041519205,1.1537978197367766,0.8717599491323007,-1,False
0.9663954551662747,0.7468840974906854,1.0873295208428289,0.7879307404283507,1.234162271548587,0.7875584855693469,-1,False
1.0777594574861418,0.7298414286782238,1.1773995981600829,0.9891310087543895,1.0807851574924574,0.6571928262729044,-1,False
1.0596480765210605,0.7007533468603235,0.953790219567798,0.7823921292062742,1.2211251770604215,1.0167453001773448,-1,False
1.1612907969252189,0.813463069275038,1.2457377015554776,1.008265814229469,1.21074123006465,0.8660058381953872,-1,False
1.0614426581139933,0.8401934038030929,1.2859859248927552,1.060290392541689,0.9946987590738272,0.844172435292339,-1,False
1.078424407132809,0.562189667524625,1.199022253674046,0.723021900048906,1.1107171236440592,0.615256658002426,-1,False
1.175341565460235,0.6836142956040115,1.227394350766467,0.7591173189285358,1.164273504108009,0.9872365344897135,-1,False
1.026149515209661,0.593622710340825,1.2324538669532994,0.843215897049774,0.9884234686783815,0.5788816939582736,-1,False
0.844863004966804,0.40522965599594507,1.0172380019298186,0.548358096723683,0.995691854445053,0.7027616084191464,-1,False
0.9883293784559631,0.7297270479846731,1.0281930954295537,0.8728178748747125,1.1105013655491454,0.6766448681794182,-1,False
0.9026816639820853,0.6477227117137183,1.0087341359824888,0.7469508967298756,1.0241016615596763,0.5759995282828376,-1,False
1.1823896645312335,0.7760094193619866,1.2099937646522747,0.9500546151616917,1.2038525801022797,0.7930965313478172,-1,False
1.2163778669282352,0.8969495188589359,1.2649099867891926,0.9895128385158256,1.1985971597171847,0.9324177843575141,-1,False
1.177718203422226,0.7055080682100787,1.1800580803064016,0.9202523220855098,1.1742871961159573,0.8216588938314139,-1,False
1.1295850099895746,0.6817083308378915,1.2346360267051555,0.8183714726315594,1.11186372012678,0.6998172993837635,-1,False
1.0863823097724445,0.709716328086995,0.982551928374459,0.7808432007024074,1.158954140905369,0.8164904312172878,-1,False
1.0752806942314752,0.5932218829887639,1.0601182371731062,0.8542706407391342,1.0997116351379386,0.5831334129311089,-1,False
0.8930876121412724,0.6974184515852621,1.0273013990517579,0.7650694708578905,1.021792384403704,0.7769438534986546,-1,False
1.3016761888426243,0.6918109932089036,1.2202079230072047,0.9695926355524215,1.381975402411099,0.750818025764459,-1,False
0.7405019550981445,0.7439411649811987,1.2242915431970622,1.029603586357948,0.6255403172434655,0.6591362022995092,-1,False
1.0988504442842273,0.7649598910976131,1.1111982834555914,0.9418434064139809,1.165711048548504,0.8365686731864892,-1,False
0.962201364657365,0.6067720454838816,1.1075972044691802,0.8661548019279532,0.8705295713909812,0.5430802351683224,-1,False
0.9930868630319837,0.6912952258877532,1.2218815454177752,0.9262284393404965,0.9264951743877858,0.6716914889076135,-1,False
1.1170952085299897,0.7752130709221626,1.2704805468342428,0.9430168314315464,1.1015604482744852,0.7754813938232341,-1,False
1.2448091543368798,0.8185427014076013,1.2868461364900141,1.039875967119326,1.2728605791546432,0.8596970117222582,-1,False
1.2680976153192807,0.8060916892157329,1.1883237234855049,1.0277534903663474,1.3104189301891165,0.8489606295289547,-1,False
0.956433796223706,0.6043465430915417,1.2143897953331084,0.8353452549670076,0.9719743905891871,0.7584874279190897,-1,False
1.1495003426509698,0.8955778371455267,1.2953042424071413,1.088612209539814,1.1657669905902261,0.8735582637563049,-1,False
1.0242639790293726,0.7343498530418975,1.1081643332907147,0.8129615174448988,1.18345996202258,0.7421120826535045,-1,False
0.7935297942582534,0.6781950226810218,1.0331240571591818,1.0722089989605947,0.6483222383917283,0.5899787272470653,-1,False
1.018152394962305,0.6994875427113545,1.1695049112150022,0.7064998726803235,0.9568760196683668,0.6954305996379561,-1,False
1.052362998313636,0.6623033908800042,1.04183577741321,0.7487569576270288,1.1303764315795413,0.6795245781860542,-1,False
0.9749224429908783,0.5349225392036772,1.288329097554059,0.7931282020812196,1.0107744980571414,0.5316448193514238,-1,False
1.2337400261964355,0.6134118101552295,1.0682808978975145,0.7969596101415225,1.3055194929685883,0.6959271621806098,-1,False
1.1530372107933293,0.8017062810836539,1.3639151570127317,1.0057082398299368,1.2151435015047236,0.8677783465298065,-1,False
1.1312832905419408,0.905605533357436,1.336942369145,1.2023754884076698,1.166655925866545,0.9749749786947071,-1,False
1.102567118683811,0.8146780603173026,1.0615644802777513,0.9273900033137034,1.155043389656473,0.8792924698746121,-1,False
1.0627706557961287,0.5576731486341733,1.3039476747673628,0.8686090053891246,1.10210343948128,0.6132908629771696,-1,False
1.063916006672137,0.7423719712565255,1.1635339307707224,0.9438046026616489,1.067175107235486,0.7563341684984737,-1,False
1.0251693040164918,0.8306475973248042,1.163319627156409,0.856938310391034,1.0337480287589105,0.8207550975935728,-1,False
1.121741750913541,0.6297453228063696,1.0462438363039925,0.7370541347381473,1.2915735758047044,0.6677300472113485,-1,False
1.0617611921145,0.8722681207625536,1.0687150674227746,0.9551142519084078,1.173565125534059,0.8953347270399777,-1,False
0.9278124828526488,0.7721025294844178,0.8578558079599774,0.637683000197028,1.016533519207934,0.7212381090205734,-1,False
0.9961591845455238,0.6655330938885544,1.1986813851999953,0.5597590243207164,0.8891936911420498,0.6563257531122662,-1,False
1.0787824209394918,0.5893393979827016,1.2470407905996514,0.7088930762800594,1.2638608142850278,0.6352672566187371,-1,False
1.17745594109272,0.7309340414072611,1.2267831023367737,1.0293160467852767,1.160076439504834,0.8402786099520733,-1,False
1.1359364993653345,0.7640161935977754,1.2521331387154304,0.8040491859122423,1.0683481728190254,0.7224244411922549,-1,False
0.8211006033312218,0.6866073716715467,0.9185879729587663,0.8470667855883088,1.2105132930188196,0.6172939099970611,-1,False
1.2583485081502195,0.7331268504197932,1.2301897131466795,0.6366242694430444,1.2811050715039767,0.779421045797846,-1,False
1.0093069115184823,0.8154300974277873,1.2374207703157525,1.1066076138062884,0.8731052016542823,0.8076443155545799,-1,False
0.8635432117118422,0.49105750633725614,1.1783945684110835,0.8894770744233301,0.6840729473075169,0.5398954916463746,-1,False
1.0439406060203944,0.638427385900795,1.330099801949699,0.9861287810040336,0.9618636614083448,0.6097130107328855,-1,False
1.1042773575242113,0.7755178803716014,1.4590759112226603,1.135926435939232,1.0981453866670499,0.7773901334896062,-1,False
0.8511022553377919,0.782933303865706,1.0413529615107224,0.6625670650230674,0.8089944792230642,0.4173297412045166,-1,False
0.7280798953302956,0.3988722536438636,0.9507414947199807,0.6523648925505907,0.8406419301138313,0.59296759588864,-1,False
1.0739443338026289,0.9268241067107427,1.2521754417450148,0.8497585369746273,1.1191948794873716,0.9981537785076932,-1,False
1.053453330547391,0.7870527429674689,1.3387137126563737,0.9229154440852777,0.9898286260192559,0.7287169128517574,-1,False
0.9616297913041766,0.5552727158170041,1.0695864522386314,0.8337828014740002,1.0614127310949297,0.6936573885599391,-1,False
1.264613861286945,0.9573852185441938,1.1368107521987536,0.8501614905998894,1.3259976135633251,1.022900680398779,-1,False
1.099076148675275,0.6363446900082101,1.226847011614251,0.8895409940807659,1.0632134367545856,0.6242745119174004,-1,False
1.1497957358417128,0.7127701222058698,1.203868238878693,0.9927371371672851,1.1722029324711403,0.7304178072977042,-1,False
0.9194471969259811,0.7539665872465924,1.037061788072011,0.8096714336128347,0.881133626517072,0.806785763803714,-1,False
1.107511717260046,0.6930287821626687,0.9658933560603008,0.5798976049254481,1.27752754254728,0.9476581038269535,-1,False
1.0025411683035719,0.7333137965403597,1.1689380093733532,0.835539050935441,0.9623619198693603,0.7638053023867049,-1,False
1.1123093831943704,0.7981457725821389,1.2282181519444721,0.9710881281715313,1.1193885725910562,0.8180095372381027,-1,False
0.8606665061892569,0.6122897584767834,1.1334680906876438,0.82085569312286,0.91341684113885,0.5706902638430345,-1,False
1.186824830986518,0.7176747442850947,1.38159524284147,1.0880616842468585,1.1497215477879075,0.7520104659933239,25000,True
1.1006999841149725,0.8874715648178906,1.4154611730902855,0.9750871704283415,0.9959937243212659,0.770985403378417,-1,False
1.163526237667803,0.8928304282395629,1.3605595377438187,0.8071172809674773,1.173559273296478,0.7795714855734206,-1,False
0.9800631378180774,0.43010732874624547,1.2476739381795623,0.44948677914174073,0.8483244115790705,0.49955832626042074,-1,False
0.8672955263113683,0.6273553126060913,1.0344743287842015,0.7296613281350358,1.0313379161608405,0.6987479230830599,-1,False
0.8579253404707681,0.4110689097846583,0.9716702628828638,0.4475442258511205,0.8357061864264058,0.5110200736755062,-1,False
1.2078056236985524,0.4965646208505314,1.2765803709280577,0.7407483470692021,1.2575537975239977,0.5662882340873391,10000,True
0.7535678349699232,0.37725303787157954,0.9641739908463067,0.7604059973474654,0.7435313718835934,0.399098669038658,-1,False
1.100347057934572,0.7891233156816346,1.1348848049530242,0.903576021899586,1.1239906864148104,0.7430852502814154,-1,False
1.0077597852125875,0.6410405604606918,1.155665339644608,0.8121679540562541,1.1226674776518193,0.5615532321717718,-1,False
1.1303782157634925,0.8682110483249706,1.1120351937446558,0.8747028320247991,1.2462184105338827,0.960366726303396,-1,False
0.9036302540725941,0.39002522674800977,1.0677531073946367,0.602071992258003,0.8888631769522924,0.5891748286937151,-1,False
0.839862206190081,0.6244320265528767,0.903005243711821,0.7755576790603421,0.9613658718098004,0.6339166947387286,-1,False
1.0135689441099411,0.788075196040839,1.1555059429398635,0.7112556470590444,1.0046727082477422,0.8212913978803036,-1,False
1.1524421720034044,0.6589805841096171,1.1941473738706139,0.8859398357363842,1.196442609749303,0.6445960734200534,-1,False
0.8478581718827596,0.7044574519325479,0.9406127353338485,0.7485796844487556,1.1765130403762982,0.8032439827325948,-1,False
1.1794357526795796,0.7938591014747706,1.3125975037955346,0.917200858912953,1.1695255755583656,0.7768518428607528,-1,False
1.3315930131800473,0.8092979278637311,1.3691405046510077,0.7646320037726583,1.4182088662446082,0.9107728777984585,-1,False
0.9323384714404496,0.5007025389980527,1.0076661901330175,0.5513587182438211,1.0733993373095325,0.7006637870735531,-1,False
1.1906367218864229,0.8723779668092463,1.3292505732038236,1.158673153869866,1.1281092023106392,0.8266928232719298,-1,False
1.1727528602666841,0.8751465815090037,1.1552877356480131,0.8587518071350454,1.3114980776877994,0.8067316312334037,-1,False
0.9253939117566539,0.5615558628036298,1.1054993801565542,1.0060962975624452,0.8249641262841567,0.4761347530870002,-1,False
1.054478947800676,0.5500194754087832,1.1657202864017802,0.8468713767099462,1.072452985098316,0.5366903561355353,-1,False
1.2180822676824223,0.8463178763866221,1.2150293396306713,0.7751544969849555,1.2431086318450457,0.87132624330884,-1,False
1.3242135613340067,0.8815607216088143,1.3656854596912529,1.1437076454213195,1.2989467765795264,0.881545823600219,-1,False
1.1372143474710996,0.7109031941785227,1.241779819200857,0.8973988629219123,1.0929718515213844,0.7391946455038736,-1,False
1.0978241490785914,0.6366604361130803,1.405369695394124,1.1385738718687515,1.0603323273369059,0.6500495075714883,-1,False
1.2086576283265438,0.9029720007819466,1.0708178801306647,0.7262036126658715,1.2744700943512828,0.9568761776746717,-1,False
1.1712317131656753,0.6279205864715756,1.2906208219926394,0.8754225142036935,1.1848663099094645,0.6413907805375751,-1,False
1.249607695553804,0.8440786203499077,1.0912056513940929,0.8883472250735358,1.3404422699713332,0.8348444473437002,-1,False
1.0614357238052057,0.8332496066331423,1.3534690453567966,0.901690354146849,0.9575952006701497,0.5113662014964924,-1,False
1.0034732167865308,0.7836112654087313,1.1876899889732475,0.9906516812567868,1.0579939386902546,0.803732310732205,15000,True
1.2586170590221801,0.7172320672963466,1.1975487504073234,0.8619774757837732,1.2854067044794024,0.7069376167254183,-1,False
1.057041552589096,0.8191809758517428,1.1127482796724042,0.7200635447638318,1.0890453890678478,0.8621088035233071,-1,False
1.2699790846827264,0.7015210083115296,1.4011080820326014,0.9053094173031526,1.2547970705905893,0.6799674415789959,-1,False
0.8269947011209724,0.5580518729854975,0.8557193832396376,0.8060873237928211,1.0845898220340926,0.5902406276115417,-1,False
0.9884765070837529,0.8240230749646695,1.2568540536324342,1.0557593079106788,0.8694711757977915,0.7081814526120462,-1,False
1.234129255008575,0.9392781589303952,1.1822163785436348,0.7434168945458403,1.2772672777771281,1.0145597700447424,-1,False
1.0938863635839111,0.8969204699529438,1.1969024949494074,0.7483803655350257,1.0879857260283101,0.6955068693814412,-1,False
1.1470910067563587,0.8305902658322842,1.291087920028379,0.9601680484471744,1.1594688192065397,0.8236729729265816,-1,False
1.191454558476033,0.7871321885715703,1.077860801945018,0.943845402310229,1.2686756112039999,0.8421172325768874,-1,False
1.1366468580717144,0.5455841494183495,1.2447967411481735,0.5302591409348664,1.0678793952777912,0.7296829688005527,-1,False
0.9800417264037918,0.7153249338500859,1.3304484795241376,1.0505130524862065,0.905499073778228,0.6335648806537659,-1,False
1.073479618108893,0.7770148962836128,1.1937043734764732,0.8666079934103337,1.0621463987803255,0.7625817421858477,-1,False
0.8168491528515184,0.5605610768302431,0.8512688358421817,0.7380732563226624,0.9504903373833388,0.5327807100525344,-1,False
1.103616313081292,0.9432778608922973,1.2033495191773564,1.0873821428389931,1.113750647463477,0.9606883683901432,-1,False
1.0140024300061223,0.6786123067249957,1.142572557737609,0.8107723073932632,1.0634242112270231,0.7268545424912923,-1,False
0.9354822411137419,0.6306816875594582,0.967405695947767,0.938856371018525,1.154935262626503,0.7970461419986056,-1,False
1.0569998820599433,0.7045809828301863,1.2891761225196237,0.860961008758502,1.0530089558604614,0.7978377239379174,-1,False
0.6436645783584819,0.29064368017268505,0.9187767411925224,0.4445767667952541,0.9420673074394211,0.5834400875962727,-1,False
0.9269283988821753,0.7945136974087496,1.1973351207380545,0.8145490902190804,0.8945543965546542,0.8114143868185497,-1,False
0.7787573246421337,0.5500086039655095,0.8399545351806709,0.7715234583205232,1.0382600565357145,0.5242686691295398,20000,True
1.0367221639630118,0.7821971237271671,1.0830045200847143,0.8603749304791756,1.1014080917257931,0.7386393535127759,-1,False
1.1278905994303383,0.7339294914604507,1.1830729339384545,0.9046519455574634,1.1289486478446569,0.703608607978687,-1,False
1.058894298508491,0.8526356139692055,1.1557583410929428,0.9982255134805832,1.095042832332803,0.8639488884693124,-1,False
0.9713103880602855,0.7144624067715242,1.127508814541155,0.8401204353297175,0.9357387483177136,0.836024681363613,-1,False
0.9887346830686069,0.9391446307848333,1.312772620983071,0.8046019087251266,0.955714198117959,0.8734085351946306,-1,False
1.140970186755455,0.7699852670538204,1.351929959137961,0.8608142045422031,1.0348204734409128,0.7323357700130385,-1,False
0.9735224680980848,0.6684036080260943,0.9994487759541637,0.8766829774045428,1.0631487148472738,0.6472065626717105,-1,False
1.1147664392756145,0.7706759781637013,1.27194800777086,1.1339008106582331,1.03900927098843,0.7093618949189309,-1,False
0.9107066248206661,0.6622074833628333,1.1543448691025489,0.7556918702984097,0.8241198033859346,0.678037942760992,-1,False
1.1329325301805135,0.8145022103601558,1.0002659325382173,0.750195189928189,1.306266871288171,0.9516129740440536,-1,False
1.2115834704510873,0.6269617507764731,1.2552565340599595,0.8249086710194474,1.1989607448065358,0.6597794087100622,-1,False
1.045317263966684,0.771310163674813,1.253799475145844,0.7656582534018632,1.0826306331514888,0.8176368783340722,-1,False
0.9792602109303382,0.584063752471972,1.1219308607331713,0.6474477257073229,0.9782810684865824,0.5211862128040223,-1,False
0.906044747368292,0.7164818224357951,0.976406369700558,1.0144660909179335,0.9476214196436566,0.6981936813117599,-1,False
0.9677118285825745,0.7829529327118698,0.9963517296852855,0.7789875206213644,1.1992533874169864,0.9077040108464682,-1,False
1.1774419430282939,0.8199870031884078,1.2789415653430012,0.8476102395078327,1.1909602051941142,0.8601413221651405,-1,False
1.0584484118669628,0.9098942439950554,1.274691628870925,1.039033022003434,1.0508702570868098,0.848369617749965,-1,False
1.2198542355262305,0.6188564313066818,1.053193356718697,0.5586805763202705,1.2856429968443899,0.7793945991795243,-1,False
1.0886124342032455,0.6356212720186538,1.1742711985807412,1.0002723437878487,1.138217483628427,0.6951290890398938,-1,False
1.021434553018542,0.6451971901355255,1.196983455642954,0.8495262823513057,0.9347229346209522,0.805998494009876,-1,False
1.302096453685724,1.012599172016114,1.2241215223950905,1.0383392033380465,1.3511095563889453,1.0728890234534798,-1,False
0.8566647775652618,0.5284683953926534,0.9636197793330353,0.6175691326772356,0.9849679159709784,0.6775561965212082,-1,False
1.1079364308800699,0.58293957403954,1.3394288010352262,0.8304865567162522,1.0334996155544565,0.5224961249854034,-1,False
1.0649694789801687,0.7191637561217936,1.2569418002095454,0.8355076902884013,1.033223409713529,0.6836249955302729,-1,False
1.1094610738920803,0.6953753005494198,0.9864964359334818,0.5607759468713525,1.2585361816546046,0.7797293500178906,-1,False
0.9407297745372892,0.7314201701086908,1.0407944476127846,0.7547383562628005,0.9352435215173244,0.7642297332771946,-1,False
0.6804476039077347,0.5528347412551322,0.8727011785480883,0.6897862447856011,0.817578795431118,0.4038732864654096,-1,False
0.9148207490048007,0.5641642335341599,1.2955197238569207,0.7137181729598941,0.8529952170147436,0.5291302885545364,-1,False
0.9513508633206786,0.5004351511663054,1.1232719710097026,0.6456783355928667,1.0106608263416677,0.7234739373310558,-1,False
1.1143331822393145,0.8090611104785808,1.2144115493896803,0.8311092221095905,1.0864779042357084,0.7427110890756945,-1,False
0.9038485141219837,0.8260391467037493,1.038783936382495,0.887396224405351,1.0777320135874444,0.5622471107543565,-1,False
0.9065989517970535,0.528962949015197,1.1170460757768133,0.708632029196179,0.8804423845736874,0.5503858438662743,-1,False
1.1230338449843758,0.5718906743926205,1.0822455179283585,0.686780152980947,1.1628036702470215,0.581770426642274,-1,False
1.16982217001932,0.5883521973704786,1.23146325046371,0.922624766124616,1.1454425257137775,0.5961424800753071,-1,False
0.9661892953022654,0.756773390763201,0.9382531331644666,0.8744122418561266,1.0985131150660519,0.7357394825672705,-1,False
1.0751452203983607,0.7506626236213754,0.984335426753609,0.8195876570475882,1.116295171245504,0.7740776145324023,-1,False
1.0630403035561053,0.7760949116856036,1.028730745333166,0.7296686779145958,1.193060419969724,0.9303575197928659,-1,False
1.1686313633830043,0.9782400111055771,1.1495889827754815,0.9556008120163013,1.2472315320449707,1.0427039552355999,-1,False
0.8701641554767863,0.7980977817959712,0.7759192448467244,0.7838052182485798,1.1368859084270309,0.8458226639156852,-1,False
1.1237534460445562,0.7868232996765738,1.3990581987382318,0.9814883123052719,1.1310930123617302,0.7899548108869718,-1,False
1.1583965534144325,0.7363632453693554,1.3789709634551546,0.7921611482696422,1.0659801418301476,0.6670883704698733,-1,False
0.9426166836923365,0.7680235615539528,1.0221452360207341,0.9435630617159554,0.9776044927647257,0.7408246677888366,40000,True
0.8971236009634787,0.7592745026558229,1.2266058959550994,0.8412406783286976,0.8947750825809018,0.7974156429311154,-1,False
1.1707518430644288,0.8512271175892763,1.1379146749522202,0.946126281497933,1.1951103150804645,0.8538294839527752,-1,False
1.193053474277373,0.6925065791799779,1.2378428393415941,0.6602421565005097,1.1697325236916787,0.9067053280619447,-1,False
1.0243344261058618,0.7753074137657653,1.2346920769117942,1.1304239635431894,1.1197953483981136,0.685775920139785,-1,False
1.071083455149464,0.5134605174526307,1.0767786587973138,0.6280692800064654,1.0790098243997766,0.5355011330508307,-1,False
0.7988862768607587,0.6251420694179757,0.9892258796443258,0.7757390970095819,0.8736872267539942,0.6529052540984726,-1,False
0.8970441080112536,0.642932709713562,1.0778221265545607,0.7118285120224354,0.986417956797897,0.6439091102485534,-1,False
1.202661586160479,0.7215315134463478,1.211620240126417,0.9954780067240484,1.2210428923822128,0.7033600133418123,-1,False
1.2446516053383139,0.7390712456054518,1.229460936592335,0.8806773481868382,1.27580099754827,0.7342968117584895,-1,False
0.9834866054096124,0.7479635423330928,1.0472033385168449,0.6795226317028216,1.036070432001164,0.788247890253385,-1,False
1.1078998361514696,0.6596276500012217,0.9667231198013244,0.5336979636000962,1.1760377691242743,0.7193502693219003,-1,False
1.2237673804413038,0.7257469031962904,1.366948637475054,0.8734736773503342,1.2888923190934183,0.9331164805253712,-1,False
1.183759126673664,0.7562900968941167,1.2270674279266847,0.7791411800867919,1.1720635723315207,0.8126950092589993,-1,False
0.8690916651311451,0.7005581381875787,1.118714661522288,0.9345351073535546,0.8244268310745881,0.6541231684532346,-1,False
1.0360059167183255,0.6741939984642008,1.1255416770116484,0.7401020538346569,1.0165029048358327,0.880957983241972,-1,False
0.7471275417285602,0.5504308763412036,0.940297122278664,0.516581112295931,0.8431691845797817,0.5249737827317653,-1,False
0.9527845859614885,0.5795349081612456,1.1226215709046339,0.7399251982843511,1.0304720502508307,0.6242668178307549,-1,False
1.143348407924207,0.8203444203766049,1.0898662056055088,0.562729358836956,1.219582040073772,0.7787641250100681,-1,False
1.3212563272948163,0.7197669842404613,1.1361094669578216,0.919394535030231,1.4103211806107347,0.8014463654620563,-1,False
1.1721936244419,0.8422069941320043,1.300838883880159,0.9760726828408061,1.1684529847240572,0.8409717557473472,-1,False
1.128933236418704,0.5100972485921483,1.079841210174161,0.6129063703547217,1.3452616325010676,0.6773566551986264,-1,False
0.9781241322643995,0.8454447954523457,0.99727366084026,1.0640362643334806,1.0727141603420054,0.8493003625279261,-1,False
1.133674290768313,0.9043972890137391,1.1189940879313751,0.839331499672123,1.2627950064459512,0.9525571475064825,-1,False
1.234600312986168,0.6168424930887362,1.1351872935224334,0.7142039092131981,1.270091657971305,0.7950779814626134,-1,False
1.1167384030596381,0.8118025316776291,1.171985689643781,0.9603505133668084,1.0875694959652833,0.8129234652658996,-1,False
1.0721045738870243,0.78287449758502,1.115432797359947,0.8793824874099851,1.2054174650355458,0.7264765493298992,-1,False
0.9663834505974862,0.5721051281908528,1.092565767446228,0.8158703106227752,1.0280361586445181,0.5657188360006583,-1,False
0.8940063671719946,0.717305143149824,1.111265793634818,0.8596947742000522,0.7942772063329258,0.7037425147599897,-1,False
0.9817237107101323,0.5851100443485817,1.1346137751046785,0.8044306286515001,0.9583634323732222,0.6236671901695867,-1,False
1.0739239984174151,0.45729707438362105,1.2982082113581697,0.7316365091980989,0.9380572363520598,0.45680982911769763,-1,False
1.0701145534936325,0.7093984455238399,1.0973187946799363,0.7969874011556944,1.115828190950356,0.8684613636354109,-1,False
1.0376089219871099,0.7828017230526562,0.9575505720945652,0.7324225078039541,1.1069249459996648,0.8230481100061624,-1,False
1.20249217441569,0.6434758820456187,1.133379283344608,0.6732638916188226,1.234151775912467,0.8087851520366035,-1,False
1.2067462384312975,0.5516530784999045,1.2384708615537539,0.8519698699850291,1.2238626948165208,0.601612909125434,105000,True
1.1212236188097402,0.8647776529148201,1.0647929047776927,0.868830010032091,1.1928703182580291,0.8730859980595252,-1,False
1.1239264064898318,0.7860844529044905,1.1839150047581328,0.8285870397489059,1.1059313879471315,0.6882701815525467,40000,True
0.9380958958181645,0.7255206635955401,1.150389194093326,0.7535892898939114,0.8881591564593428,0.6446519270687994,-1,False
1.006947006996873,0.6895564920897674,1.0608908741248275,0.7255149347918322,1.1485499392455734,0.9366812125544366,-1,False
0.8257613680694629,0.6648116412267537,0.9977443558490622,0.6476957590523188,1.0551307688413527,0.6322685172752913,-1,False
1.0678110993967,0.5483921964198571,1.308729347443427,0.8292005205059423,1.0592589261300454,0.5094255828950499,-1,False
1.0686103983629578,0.7471389255548908,1.2017367860077843,0.9314210433520987,1.0194239020660043,0.6895970639741391,-1,False
1.1092611633583602,0.7223168305376098,1.1268289003254734,0.8774722732443048,1.1851912952995436,0.741023615539189,-1,False
0.979577534561777,0.801827466723295,1.3423200053386344,0.7242240681028034,1.0107267525882284,0.854845414423439,-1,False
0.7783703266354397,0.7967073203371605,0.9241927976611066,0.7919288469935499,1.0775003230236921,0.6985178086106609,-1,False
1.1555326935077277,0.6596865271441209,1.3297671264418172,1.0788377584608524,1.1416055042704902,0.6645273952029256,-1,False
1.2001718532261565,0.7531943341824384,1.2324322209931908,0.8093183497916218,1.2684324081317422,0.7930351595534922,-1,False
1.1360692076466639,0.5509170231661362,1.295606620559484,0.9750240530374349,1.1158217886918542,0.5925899768096144,-1,False
0.968369772587331,0.6573092697419712,1.141941046183249,0.8008497530864177,0.9052049684436169,0.6520275669328695,-1,False
0.948825294704085,0.7055334331463674,1.127433895407752,0.7147650268852093,0.8687558669348693,0.6990511830964,-1,False
1.074802916239975,0.5439405111891058,1.1251432443275102,0.8384724506887629,1.0716434692580146,0.544641127467363,-1,False
0.8756744141053234,0.562331594950826,1.1486625536318882,0.781214421373286,0.9100562964579199,0.7320299287908013,-1,False
1.0585417389393768,0.6155002821285486,1.3115438451754098,0.8271293549236373,0.9046416771558377,0.7242401872194071,-1,False
0.9525173620594107,0.6465999413353182,1.1227383161747235,0.9504452519511156,0.8805533590559476,0.6221960027055428,-1,False
0.8448582552232503,0.6163323617629846,1.0527566112300908,0.8771910274525938,0.9219662470916972,0.528637411340605,-1,False
1.0208057706511413,0.7262522254453094,1.23048734016255,0.8867944212128761,1.0251726306093403,0.7001255975667171,-1,False
0.8126462180323308,0.7305337105406379,1.1461653967533645,0.7820303141181886,0.7050049728742681,0.49293406400103934,-1,False
1.1097256636465185,0.6348221022743344,1.2200870521925136,0.8511029288193593,1.1187958698755842,0.6680889573449232,-1,False
1.2649699134564623,0.8673253678369597,1.2610576058824767,0.9861323320868932,1.3219966752034824,0.8999636285780378,-1,False
1.0889987849262563,0.7377882519037421,1.2346551942720467,0.9767588394834952,1.060454078843793,0.7527598842100687,-1,False
1.0911030687703194,0.7372985866199301,1.1261255561901269,0.6346790672949804,1.2482368060610887,0.90725991731132,-1,False
1.004078988673305,0.7110767953453297,1.1249437087376912,0.8142961327663919,0.9833988293059747,0.5401480091703631,-1,False
0.7979436679024919,0.6286991491392894,0.9863405743218614,0.7864773634008769,0.9885518052273135,0.5808323451317279,-1,False
0.9297526762286837,0.49418084622226177,1.2392162747503783,0.8640690426312269,0.7821281142730049,0.4218837236506523,-1,False
0.9840355635339071,0.5760181616145278,1.0898745541122383,0.7240256085879381,1.1977260256438411,0.7862336752588991,-1,False
1.056830193525486,0.5763668113614101,1.1862213058134417,0.8066807702746134,1.0508603062882018,0.5778797701454841,-1,False
1.0887150482260117,0.6998756697872871,1.165271805972812,0.8743536045803126,1.0581300350008405,0.9683081262035943,-1,False
1.1532809725920437,0.9114320318352863,1.220905835976624,0.9939384350152147,1.1536972187914674,0.9068277507560983,-1,False
0.9364213856998886,0.6562411362183076,1.0372554283594242,1.0412699707356003,0.8797856060906759,0.6256313866949152,-1,False
0.8819613985804716,0.8616133842915885,1.344144717767782,0.7999427891850135,0.8091177821272746,0.725069769638924,-1,False
0.9703036766334499,0.6900332726741817,1.0206748963004095,0.8702569364348949,0.9719242544439676,0.7722988015160354,-1,False
1.0591234428532876,0.8915694119083635,1.2393519841382916,0.9727080276558349,0.9825052939930413,0.8756441139528724,-1,False
1.0837760469596185,0.895603363633848,1.3585020096499993,1.0373662672859854,1.0971378814562265,0.924178760115453,-1,False
1.1050883088387726,0.8086290427481453,1.1266781252791374,0.8857091294725391,1.1035497557311598,0.8322307488459627,-1,False
1.109350750943933,0.6792043347592541,1.166177849907743,0.7694767797985956,1.1368019496746573,0.689223624292327,-1,False
0.926919563873613,0.9671340316519572,1.1789420398062167,0.9167993034113673,0.9205170314400055,1.0532453372189616,-1,False
1.2652671157036957,0.7231050859780717,1.3519080426060237,0.9477384517080538,1.2305390352632617,0.7069377691332479,-1,False
1.159535018512868,0.8434806631273081,1.1355015929381285,1.0122395484784403,1.1856605340894044,0.8511666390776692,-1,False
0.7984430384929366,0.6789451828151539,1.0395953452478004,0.9355607763129675,0.8539954198325355,0.5797261276963058,-1,False
1.0919987619794966,0.5828956949651701,1.2655892692800965,0.7714451604285733,1.0697702428716378,0.5782727430805896,-1,False
1.1040932720869294,0.6695245737454981,1.280966337266963,1.024171190277338,1.102438421338295,0.6328309331686899,-1,False
1.024118596797581,0.8150505977819266,1.2210467187753444,0.980282961895969,0.9726673488284313,0.732685376976975,-1,False
1.012865430779712,0.7696731815679253,1.1291280774008152,0.9908040153488338,1.130236773026632,0.7027441917219219,-1,False
1.158836307972092,0.766013334730541,1.3869890547239132,0.9448665426206591,1.1727719338702054,0.8380217912687955,-1,False
1.242031317149376,0.8469139412384065,1.272906853071546,1.078867887217356,1.2213008738881066,0.8850913116136112,-1,False
1.111636694348538,0.6972173863325434,1.0779875339529463,0.7361520757721189,1.12921746661149,0.662808911719403,-1,False
0.9660760446234683,0.5532382281420236,1.1393264505397818,0.7160549126669525,0.9767367754835379,0.5499062627727019,-1,False
1.1275432911793712,0.5671919134601413,1.4157651631590582,0.88702068299409,0.9734675469197601,0.6685102260085213,25000,True
1.0548558612210137,0.7651843292671079,1.088221527364882,0.7845461013952821,1.1218293339779692,0.8201926465941348,-1,False
1.1474326740858987,0.8398642262355359,1.32242016581424,0.8813977344644702,1.1708254087187628,0.8693662782827261,-1,False
0.8947709884611771,0.49607237891697803,1.2171532541432006,0.9168799268857185,0.6973659846126551,0.38311741640694075,-1,False
1.0085899654008907,0.5942011336823828,1.209595742227775,0.913850784085459,0.9152553888685079,0.5325979869591512,-1,False
1.0804040559833452,0.8492284117267511,1.1320815078894888,0.9183571545438411,1.252486920168252,0.8784140245671306,-1,False
0.7304932072876488,0.43791689818301244,1.0631042994165474,0.7201848119127292,0.6155853190739129,0.5432882800099693,-1,False
1.083099576594949,0.7332842510793152,1.1435436327823159,0.6841750963114659,1.2151898056761363,0.5616370362389796,-1,False
1.028927636102013,0.5262126544233221,0.9626985574565341,0.49590943751978256,1.2114131269623793,0.7217010072675663,-1,False
0.8556331146493856,0.6417638284726386,1.1750710424230184,0.916302293530737,0.8116319842283951,0.6691020116795106,-1,False
0.8938220842501727,0.6350114823814305,1.1622695741617304,0.7487902578720059,0.841235681130364,0.8138924678227473,-1,False
1.0952575976242898,0.7345577169058278,1.0247869075158051,0.9769694366198802,1.1564811374411146,0.7138359999578133,-1,False
0.8931533230440195,0.8602652481217677,1.0949468435170018,0.9733678469014325,0.8227649516788064,0.797827695319959,-1,False
0.9943685062562623,0.6063872892028839,0.9569067958222136,0.7902885426682258,1.0197865140266023,0.6099325833109297,-1,False
0.8902877046179972,0.5717760013622271,1.0643366687038502,0.762339381722891,0.797687425318471,0.6700771055679926,-1,False
1.1078014785993715,0.6178491770553933,1.2306437188137742,0.7590581406572179,1.0602184119854157,0.5707216253350124,-1,False
0.9979429813373342,0.6482514961830271,0.976081771386272,0.8969477399342239,1.060865766344272,0.6738038973312067,-1,False
0.7479205022003742,0.6284601019560858,0.8090260026155673,0.8340074268960705,0.9777447721746244,0.6242104123504646,-1,False
1.1072812676248862,0.6354666448311924,1.3815076815525926,0.7835969351514891,1.051449357120587,0.5795307097340597,-1,False
1.0180771757918023,0.8130290897056753,0.9886975685762479,0.7948561204471184,1.209841881066399,0.8279675072978098,-1,False
1.0110151998423484,0.8317650301683156,1.168654206281572,0.9671562776842316,1.0547631524555139,0.7269381809456404,-1,False
0.9156760795611572,0.5777436469303275,1.1565852857949168,0.7298022116383815,0.9009166290234663,0.5345831620132327,-1,False
1.0125451839552941,0.9059825800669453,1.2808090965641408,1.056155184638308,1.0369226491872952,0.9367815230644129,-1,False
1.0998062003817146,0.8272742950076957,1.0426112091950508,0.7941552851415936,1.184984358338088,0.8945661147912862,-1,False
1.1740895871976325,0.8685261418305622,1.360935725955397,1.0043171999410376,1.182657679854987,0.9070950436027165,-1,False
1.0778013860332103,0.637898053000274,1.4151682732325492,0.8908187628765163,1.0012735038454372,0.5572281596668751,35000,True
1.010185020401086,0.7332682380176179,1.1544534921266685,0.9617131092567104,1.068226276492557,0.8542916121414711,-1,False
1.0883620446456308,0.8756478689434551,1.431599523705643,0.8062076320201683,1.0806294149197602,0.7652521950381189,-1,False
1.0738047433880666,0.9139412911938263,1.280762110227853,1.2322788700785696,1.0328567096353714,0.9524529306870656,-1,False
0.8427446141121754,0.4019743647667332,0.9720068808373789,0.6732800393007765,0.8908164924091128,0.401414974557759,-1,False
0.9217504831288864,0.5404419985840161,1.1415679499859877,0.8417485480316913,0.805163467185408,0.7292196509255584,-1,False
1.177617909815651,0.6706771181446902,1.2395563409683403,0.5474132771192892,1.1705993283992953,0.6668520188454857,-1,False
0.8828301924460727,0.48814318068220924,1.0510104037206338,0.6993549495624788,0.9432305742249921,0.6054592541340137,-1,False
1.0303277186380773,0.6716553287366435,1.2348098350447896,0.8740134527880358,1.0299071104919812,0.6674181025769435,-1,False
0.8932339192251404,0.6453974871555419,1.2275527330965477,0.8910333682414606,0.8987492896330739,0.4842753562124187,-1,False
1.0638335746900052,0.8814717109979707,0.9432143658756298,0.9580239728452884,1.249663777204215,0.9417777194273996,-1,False
1.0598597800006269,0.6076282829985306,1.1489662261190619,0.7510334922785586,1.0603385705024344,0.9073754021987928,-1,False
0.9212384174201945,0.5761023942803903,1.1220732036090066,0.693428750695412,0.8292357689311634,0.6488540048054657,-1,False
1.0781266099959732,0.6221184264641398,1.2263475153975476,0.8897158327556103,1.028697963863206,0.5997087005440164,-1,False
1.177721046474662,0.6117575201845997,1.186367744767541,0.9564327765818379,1.1722486333479745,0.57982229856971,-1,False
1.0451838173796186,0.6003218509710144,1.1047744587885477,0.6804689706182254,1.0412555586866585,0.6185359758148382,-1,False
1.1039920613452123,0.6554541876424262,1.1487613621377442,0.8936178870459601,1.0963387945231062,0.6247917185620787,-1,False
1.2763524373203206,0.9051232282116364,1.29655996031842,0.9932684658214288,1.3424779080248712,0.9604587898994487,-1,False
1.0098179546115538,0.7908077750693616,1.3135503820357017,0.7732812306082495,0.9353763370580231,0.7401420929610595,-1,False
0.9315150723769359,0.7397504918951364,1.1929707676870058,0.9582992451460114,0.8741916692320644,0.7220080351728829,-1,False
0.9746391643573704,0.6538863065770932,1.137122020100603,0.837076889372478,1.0323384470946224,0.827229518739577,-1,False
1.0878825424586807,0.5338909760613606,1.2992994401885012,0.6558191523971985,1.0726321406625914,0.6722483762554073,-1,False
1.1303725360074868,0.5960262059481874,1.0810061774499624,0.6892100834920785,1.1542607493137722,0.685830159218182,-1,False
0.8058818655329151,0.7864015427752018,0.9722794442743815,1.1238246052908953,1.0453126392767262,0.8207311572896586,-1,False
1.0462649371406318,0.5933311062145998,1.2604605294355749,0.8647498848851474,1.0062181165348583,0.727212406945167,-1,False
0.9350452683945084,0.604211170624977,1.068830717765965,0.7623076712098557,0.8659551096268151,0.5830618972371716,-1,False
1.1538625362418695,0.7671276871470811,1.295549794028005,0.9764673845209576,1.11074029864535,0.7287068370082196,-1,False
0.9144292803801499,0.4445121159034735,1.1370934509878392,0.7430696899285191,0.7915321444899427,0.5025946961131634,-1,False
1.1256531285102656,0.7216071417489326,1.3099389046043788,0.7766845378091669,1.1463164259959358,0.742213840103812,-1,False
1.2581215951163944,0.7868188305228827,1.3098751372978075,0.983216333974165,1.2512012550793217,0.8273837580186458,-1,False
0.9152424154793134,0.6499314836625555,1.1727428819962438,0.798590550424765,0.9679888875677521,0.6305460656947525,-1,False
0.9311430094061719,0.6686856719398379,1.2167342413270716,0.9236732271084014,0.7984622347356761,0.8375796239068823,-1,False
1.1151235855075838,0.5973600820549977,1.2054784439409278,0.6772244552186271,1.1276148188166153,0.6174665732834227,-1,False
0.8920643108777278,0.5049632878349972,1.0825818782571521,0.6334176623383068,0.997186379581184,0.519652658789718,-1,False
1.2346231291414405,1.0664500024750854,1.304704039028138,1.1251600945455769,1.2510813847020779,1.0701239771251507,-1,False
0.9812680627909236,0.528916795423659,0.9864296913080736,0.803463193257177,1.204803210164865,0.6590996189956274,-1,False
1.2271583578420753,0.5216301802154033,1.307907502101635,0.9942524448980682,1.195360221479241,0.492606098215011,-1,False
0.8084900466171303,0.709577752935327,0.9212524861990636,0.7696879122240503,0.9185242774960213,0.7417743727497547,-1,False
0.9202499951369102,0.6453008363551936,1.1954567330274952,0.8460037005950594,0.9194738181955024,0.7273630475208333,-1,False
1.2299803611362103,0.7852463421747574,1.069821685186595,0.9220301640478671,1.352584051209431,0.7961722772849668,-1,False
1.040898618662422,0.8801811399391762,1.3399190975045039,0.9367096866308962,0.9652159250569365,0.8074565803474608,-1,False
1.0846201733659215,0.6664246867231922,0.9319887318368356,0.7309752435894857,1.2265232943182844,0.6935343963917089,-1,False
1.0179918970132993,0.6000498964248543,1.403543156244511,0.8002010835521017,0.7921602995443209,0.719179427461598,-1,False
1.0590795745432835,0.7025727190057425,1.3119825510235188,0.9156744213961593,0.9617747498059271,0.6173783182982492,-1,False
0.9521353027024341,0.7726556370987256,1.2553661729624837,0.9991412308740326,0.8914643395934599,0.7525175475545746,-1,False
0.7053376527011135,0.3695780463857683,0.8914971217075599,0.6195146761773725,1.0349157032837322,0.5329279375568634,-1,False
0.8428131196462578,0.5548400774856804,0.9108837571007722,0.6338424531499808,0.8366504489241731,0.772396139142931,-1,False
1.181030034050767,0.7957019010139674,1.3649525486704992,0.9689540418788141,1.1288473255550462,0.8190891031179461,-1,False
0.7975469418035056,0.7102874233385625,1.0294692980459401,0.9980767359771705,0.8654631590715373,0.6349647587905611,-1,False
1.247323111265476,0.7401425762725435,1.1915161078609535,0.9151964321103611,1.2668625637951663,0.757061434902294,-1,False
1.096249250203679,0.7867668995527244,1.0178087878999755,0.7870727785547184,1.1772213015110844,0.7948649788875816,-1,False
0.7882510035266646,0.6091315260421689,0.874557556111763,0.7783629403795264,0.9615839978192582,0.7267693988904431,35000,True
0.9800839175582665,0.4925435650519707,1.246052955705317,0.8545022947533801,0.8580938748157311,0.44576243894939965,-1,False
1.0562640887951713,0.6116334869250295,1.1593303624009488,0.7465525203068841,1.0168188908887767,0.5999241756824998,-1,False
1.0657469671349096,0.6627476100494739,1.1980793757532229,0.6986075157701128,1.0868834159307588,0.5729927881323569,-1,False
0.9572642602652961,0.4668316138519563,1.1386379431488176,0.748438237391235,0.9136294624977375,0.6480710797576591,-1,False
0.9070830577859067,0.8526227321841241,1.1026390285258194,0.9657205010101984,0.9493585000983071,0.7311439848892402,-1,False
1.1518476011120182,0.758379181324429,1.2297681342347675,0.8081824849799956,1.1307071351717368,0.850671933462206,-1,False
0.9883904341195136,0.7119289780738062,1.1840711742877599,0.8196820349614029,1.0350754581733013,0.7274774946999378,-1,False
0.8656474790552213,0.5385501789832968,0.9392857413510776,0.7800244079045064,0.8809576106749677,0.5737905056515638,-1,False
0.8174151844786101,0.5433426768323729,0.842339446815153,0.6087653533498605,1.19731643802466,0.7854983000249312,-1,False
0.9981530561051128,0.7772300492834431,0.9751052674043454,0.7605401797051965,1.0363451529846692,0.8682062548562365,-1,False
0.9764767537455862,0.5401411881648037,1.0516413837302927,0.8111028639049477,0.9376744190657692,0.5222704653245978,-1,False
0.9857768468017465,0.7256541931520636,1.0293426850832859,0.8124397133166773,1.127142808147179,0.7276283395479846,-1,False
1.0066031744629864,0.6614818874671093,0.9272315111409627,0.6831295359044398,1.1725013800129207,0.6793913989162086,-1,False
1.255716538444632,0.675146426100782,1.2916861283526417,1.0496159181202347,1.3000815926013385,0.7297109769627583,-1,False
1.1801285904376353,0.6676738931451571,1.2752027550759937,0.9005725956233005,1.2423136334193332,0.7244761631793721,-1,False
1.185768001080689,0.5782865846734255,1.2829596166861188,1.0478222451886103,1.219555416378911,0.5595852225650421,35000,True
1.1670521002595824,0.7559910592741318,1.2588285251012303,0.9160006104982684,1.1284363193221674,0.8116042703189692,-1,False
1.1696139926635643,0.8381232327448886,1.281956059617312,0.9473243055529298,1.1694103884916922,0.9995142373186578,-1,False
0.927979444615331,0.6013445379397523,1.1637133584596593,0.8519127809185063,0.8632533668091087,0.6652199333287633,-1,False
1.0910552380791343,0.8755599180938938,1.2075922031556305,0.970020556045259,1.064310816788455,0.8644767933271972,-1,False
1.0536005477143586,0.8922666578454209,1.0849087158089314,1.0142174566279536,1.150117480401503,0.8288676160965238,-1,False
0.9433105682933562,0.46505148039676314,1.000675163656874,0.8448160330504191,0.9321248353019712,0.47062385852879135,-1,False
0.9651958736378645,0.6804461750996509,1.1527717213826763,0.7998773028146914,1.1522349518284714,0.8868178956315991,-1,False
1.1315094785302569,0.7502545070559751,1.3165431099444245,0.9571078333088505,1.1109362876395386,0.7747296474031173,-1,False
0.9952907154109553,0.6532738985702939,1.2300018235623813,1.0645548543615886,0.8537751176448973,0.6017546357121308,-1,False
0.945760086641593,0.7128648143725481,1.1533150501708431,0.9922825667171904,1.2002445168885827,0.679587829677305,-1,False
1.0127749851636236,0.5965766865674915,1.1783709145252679,0.6670485815330077,1.1166899142580933,0.7392135676719828,-1,False
0.7316171809713758,0.6545315919532042,0.9192070657184417,0.7849248884193505,0.9418482626792022,0.46604697968725284,-1,False
0.957994903607338,0.8363869645582003,1.0920672870015327,0.8712749975136114,1.1485264739281127,0.7871128590677806,-1,False
0.9505684071435455,0.6939918137768826,1.1606923061321617,1.0496655678247457,0.9076848174176748,0.7864182376694258,-1,False
0.9675139923707402,0.7023655682681587,1.1709709891254907,0.8506561198084578,1.14442108001759,0.9356557901070318,-1,False
1.0624495467444135,0.6183783814456699,1.229002283706727,0.7834651022226621,0.9839452836580106,0.7694966297220851,-1,False
1.3157855814658483,0.7997496119347983,1.4434960897979967,0.9159287435332246,1.2462153029776621,0.9582744828331596,-1,False
0.8027767190164093,0.6905991017850767,0.9882048737722581,0.8304489223756342,1.0767744778117088,0.5738210764338972,-1,False
0.9535688436392352,0.6818126245884871,1.095929236435508,0.9749618165747289,1.0521529767227753,0.5887682460695239,-1,False
1.0435023929505993,0.6529425548144008,1.1733509742871302,0.8534326635246987,1.0622661439857348,0.8209317973996728,-1,False
0.9310773051701504,0.5688358693257349,1.1150098946977491,0.8704171132363382,0.8621920627605816,0.4809452627719117,-1,False
1.050009274276211,0.6843754032968385,1.1133080954739443,0.8846210062390757,1.1323804910247615,0.8959543945747593,-1,False
1.0348178279072648,0.7618860987965121,1.2077799376047977,0.8359499628751196,1.1320125108165302,0.7768005424752589,-1,False
1.0195086435618148,0.542328504143445,1.2532723381411839,0.7055692276200236,1.0663710816615644,0.6788131833619021,-1,False
1.1229554899628689,0.863829027034481,1.276184736477271,1.1292938029756798,1.1355270120878966,0.9261538154645302,-1,False
0.7018255730057301,0.5435264794161369,0.8517444251401535,0.7951918339480306,0.9835394268563831,0.49841157501714595,-1,False
1.0911011029578266,0.7691397991418957,1.2234248364565516,0.9919196930368896,1.1719369719262387,0.725836401200639,-1,False
0.9551766309544706,0.700148176936039,1.0861998032751605,0.7251680600277196,1.1008538305355142,0.8269892446911237,-1,False
0.971069626813455,0.8478959665249216,1.0833569716676748,0.831060315315873,1.3059016316231689,1.0691257357069577,-1,False
0.98122887468504,0.6247587905866184,1.1169247089628511,0.6880069399677611,1.1841503333638133,0.6470654378409347,-1,False
0.9587739424722397,0.48077272595973536,1.2354683273867395,0.6034425484588735,0.8132532451688452,0.5492333594151776,-1,False
0.8294516038397127,0.6863497500923367,0.9010557425825413,0.799130070975309,1.2499828199318994,0.7827983391086094,-1,False
1.103109993850454,0.6532069191668607,1.2498540921674615,0.8279456667356537,1.016020975769288,0.8787373245831871,-1,False
0.9326568119401278,0.6339581689003947,1.0826457243044543,0.7713946798024282,1.0950769539359693,0.6236643410077365,110000,True
0.8936458174464992,0.5991263412308604,1.09567134236427,0.6860152756404264,1.0598667257189827,0.6937301463883457,-1,False
0.9679191654403027,0.776474293917034,1.0566824536195676,0.8051238603256385,1.1474945518368174,0.971884932111915,-1,False
0.9667888510677337,0.8591025336761846,1.0468597690170978,0.8248196269735452,1.0628860451904671,0.7827318175549229,-1,False
0.9373592887331182,0.6704933287198569,0.9911222839550758,0.6947463740074789,1.22956520403924,0.8736431628255057,-1,False
0.9230312272324209,0.6775249381715905,1.0263979239020478,0.7900514800448626,0.9877047234064656,0.7936251395747715,-1,False
1.0176541337425482,0.7240716081171797,1.136462803992168,0.959407133995195,1.130015396090432,0.6976805779917968,-1,False
1.0730271336584492,0.7168849896331557,1.1624507340494217,0.9013931817385356,1.2188994708954917,0.752911732463019,-1,False
1.0447221375686466,0.6966743621737944,1.1843401791202421,0.8656703424660371,0.9559679766073601,0.8022028286997384,-1,False
0.9272664975643069,0.7841191484915704,1.0746967484866694,0.9122456747404977,0.9623212352905132,0.7662148272040167,-1,False
1.0827314375320487,0.6530566485839564,1.3623693825359127,0.8200470027844409,0.9554443061378171,0.5696408876458455,-1,False
1.027173706630154,0.4699002552800755,1.2394465218087873,0.6110303728596964,0.9053902291651577,0.6238025497707904,-1,False
0.799784770799841,0.6470029547386392,0.9321994061181433,0.7327758707905396,0.959099976426175,0.6508086114201672,-1,False
0.808456817816896,0.7054952840706108,0.9739943671450981,0.923036274393959,1.141382772781131,0.6719949211734715,-1,False
0.9276222770504347,0.678467706007342,1.0729178908540746,0.7948419650042036,1.0952101184487848,0.6708965906886718,-1,False
0.9848321458041784,0.6287158341144193,1.121331340891564,0.9439299767126766,0.9552343861318852,0.5936064603520809,-1,False
1.041926555062789,0.6566192888601102,1.035149890403648,0.6265853566639524,1.1398031615564546,0.9965695827644044,-1,False
0.932210712914189,0.9189886656434998,1.0812184398417952,1.038455844040863,1.1501723233849264,0.8446122336641176,-1,False
1.0388537663429507,0.6801644823781816,1.183252597338292,0.8102920733492843,0.9966413923686179,0.7254442303948166,-1,False
1.0427631925979968,0.6523839011361756,1.2104010776665706,0.7580478278610464,1.0144916576006289,0.49190689293170364,-1,False
1.1019794231661453,0.36972540638617135,1.21929727698517,0.6625576060418279,1.0320914303732067,0.3465793469057961,-1,False
1.058651712328091,0.613831223481069,1.1673667729440067,0.7405351117529986,1.1308227429846407,0.8233325062142256,-1,False
0.8538724889070024,0.7352251307148178,1.016336448148655,0.8237575829898495,0.966512870217303,0.6763845866322007,-1,False
0.8632339042816225,0.5101928231204065,0.9791938365281649,0.7615495287806433,1.0221312812903036,0.6466449163288209,-1,False
0.8537327546219973,0.7579781231084257,1.1194477309735409,1.0461045822011226,0.987927043394819,0.6354776449216503,-1,False
1.0505126237506592,0.6167967557135384,1.2102048445073244,0.8211417852416416,1.2283036302759611,0.8271430045572714,-1,False
0.9269896906341712,0.8283614532247571,1.0736307967384815,0.6818713216033692,1.0429181050155198,0.7670663212709148,-1,False
1.093620409661546,0.7799052294662089,1.2949580239715934,0.985378190283477,1.2132327550211968,0.7726846056531627,-1,False
1.0791463218401016,0.8601709252872254,1.2034108238389671,0.9745050880739508,1.192810978398089,0.8381087943587885,-1,False
1.0368077247739749,0.776450710453836,1.1536377290571513,1.0334331649667579,1.0115502013872868,0.7427709271956086,-1,False
0.8136821312681424,0.8884070054410804,0.8778348534645017,0.8097682989220357,1.0798503803927306,0.6974842723753449,-1,False
0.9205276186669192,0.5855646188036159,1.0842418754291343,0.7771059053484123,0.9519276345234378,0.5414340581222729,-1,False
1.0925452248734464,0.495782224728389,1.3594810961128998,1.012187103849048,0.9923370922621435,0.46166311153286604,-1,False
1.1940101719581715,0.8086467621744112,1.2050623868148902,0.8781061266648679,1.244589266920666,0.8516059809233748,-1,False
1.0380363631787382,0.6818599967475963,1.1887298838104718,0.8198426540510908,0.9884627826493537,0.7205955440063249,-1,False
0.8052523126185276,0.5643282383921596,0.9468610429970741,0.6313084899076269,0.9887984826442189,0.5160671021854395,-1,False
1.008883144833854,0.4758755089975682,1.0615474040734847,0.725219503632206,1.0598175835035695,0.4975777026471691,-1,False
1.0521357111722864,0.9579660762365394,1.2034479370434,1.09939407333734,0.9858324114066113,0.8980173276110224,-1,False
1.019759662978281,0.549845077233632,1.2583765850471471,0.8116866483852255,0.9046679313990161,0.7414861789814816,-1,False
0.9048843207189967,0.6737150419110818,1.065803761819262,0.7829556246554942,1.0479409049203352,0.8605501370719754,-1,False
1.1568010720367916,0.675552615252422,1.2981725052002109,0.7626415270648306,1.1314649165582207,0.6976628719958246,-1,False
1.0320749570715286,0.829814405807319,1.1437900061497317,0.9562423642802425,1.1592816985727157,0.8239348250926867,-1,False
1.0943199153251995,0.6602041168741172,1.2769949204849596,1.0022404211860325,0.9950320908729564,0.7312980482529855,-1,False
0.9842028702808658,0.7378881907117459,1.0479220248261747,0.8707304364565238,1.0487225971769694,0.7544038426505207,-1,False
1.0350094984150562,0.6934855518119908,1.128692086279642,0.875459064846513,1.193409389526124,0.8257507565081094,-1,False
0.8797109929020012,0.7352970662403642,1.1152824419731495,0.8011540671195813,0.8221224176408843,0.6241684224266325,-1,False
0.9263190993336626,0.8618405347535202,1.0131105500475062,0.98691219645613,1.3124112881344914,0.8542329102975809,-1,False
0.9658329749732658,0.7135263589903399,1.0721850998311504,0.9194298451565952,1.1078591012209205,0.8857993662841827,-1,False
0.9935363820389755,0.7666935384773237,1.0734943111254702,0.7834647223913263,1.0306111594960934,0.9207509973518269,-1,False
1.0751845966165672,0.7655077331685274,1.2106050871673166,0.8468481203230656,1.126157034331009,0.7859805555916439,-1,False
1.059083135232836,0.7269894473305396,1.19809099559887,0.8860786486644854,1.0909692166402343,0.8205317581826295,-1,False
0.9960516222813635,0.8242167322618705,1.0391656006940904,0.8940613916858914,1.2337081900200748,0.8537664120379568,-1,False
0.8082820202278016,0.6727958463907675,0.9030832718751143,0.7832031673820644,1.1621205004403168,0.8585303946259489,-1,False
0.9833546339386617,0.6777969388439964,1.1721600276961557,0.6893243959093289,0.9801512174215044,0.8531788280353343,-1,False
0.9090407976732935,0.667563192634325,1.0208316829923805,0.6967275313442849,0.9959216062434418,0.6089035214436053,-1,False
1.0122979706271014,0.662045727535879,1.1100367214393938,0.7723772472908723,1.1719032872636461,0.8036014500170348,-1,False
0.8570688722960467,0.5406831142032995,0.9335037840539008,0.57129346114761,1.0313001784802398,0.5998979997253611,-1,False
1.054668872442553,0.6076943722217545,1.05108080754565,0.7207835312663733,1.1371328856888938,0.7427082788319642,-1,False
1.0850875685780406,0.4498627630638199,1.1375547900516463,0.7150578573089914,1.047901937722442,0.5565180519282462,-1,False
1.0446634781886928,0.4631702516725229,1.2740345734688545,0.6288330282169979,1.1005885680280043,0.6114975910566653,-1,False
0.8575602487382566,0.6436927928766188,0.9578696713340124,0.90781227186787,1.010032833123843,0.6303086795745552,-1,False
1.0711060092911744,0.6042045289135638,1.1848093684675483,0.7855309517873506,1.0246151735931142,0.5721881406945768,-1,False
1.1741037957279925,0.8876224668337431,1.3124977851840736,1.1874358741135655,1.260379832863126,0.8030182269868554,-1,False
1.0341491737259123,0.5957216194511842,1.1507279919948161,0.5817439353755798,1.0543046737796686,0.7651341417677258,-1,False
0.9921260464891258,0.5025374494361614,1.063213832148295,0.5675604678523536,1.0992770600340651,0.5054931424602896,-1,False
1.0883848422500808,0.5768038138230258,1.221307274093475,0.9900382143800666,1.1755046926027337,0.5559342783781089,-1,False
0.9419658716191062,0.7846969444991331,1.0648654565782998,0.9463727459236857,1.0086417566417003,0.9320504877584191,-1,False
0.8511591003472546,0.6933337921665478,0.971462363060856,0.7320487367425802,0.9713628278645394,0.6942854079487004,-1,False
0.9120889601227228,0.7266296444612884,1.0541363263233259,0.8639163909187693,1.1075836821303697,0.8622946550681859,-1,False
0.9089496414863758,0.455807078228923,1.0804448351202398,0.5766208980065957,0.9974837331886173,0.5070626187051088,-1,False
0.8686304207203056,0.5526444881695353,1.1063540025917389,0.5418887530252416,0.7539985743426741,0.2954897314087442,-1,False
1.091485122694559,0.793422460286325,1.1412996880065225,0.8694609022018693,1.1697763612046626,0.8468843456310181,-1,False
1.0376775123854525,0.5118868900872758,1.1711878441334884,0.734553928223699,1.1342000718148846,0.45375091656994837,-1,False
1.0501338748138964,0.6826317496338496,1.1940505024808914,0.8808963320045907,1.0155568451861914,0.6532061281243347,-1,False
0.9883835863988112,0.9208725064649207,1.142802960844563,1.0249839020842113,1.0867181710268006,0.9719413858632344,-1,False
1.0658181878807653,0.812625376703379,1.179879342076378,0.7861981037177055,1.020754299636323,0.705237089065995,-1,False
0.9316437512393904,0.722525217226555,1.1161470763848353,0.8449245752459109,0.8536585247050995,0.6574019580382856,-1,False
1.0279127080052335,0.7015430864176524,1.0315837054258963,0.6777188765662502,1.1545551096061832,0.758547367703481,-1,False
0.8950613650954379,0.49333318722535946,0.997078257413237,0.6218238226157936,0.8956404447256543,0.5257424116324305,-1,False
0.9974001616382527,0.5130864182937822,1.1135587204031696,0.6522357124386696,1.1196700650645997,0.8191170019150352,-1,False
1.0297531508192426,0.6232565982587034,1.16669738854699,0.7312762840484672,1.2153938956244494,0.7041050260085782,35000,True
0.9542956382332425,0.7226337064613955,1.1487952058830766,0.8326925125065877,0.8379014798602493,0.6235640207597939,-1,False
0.9552001233364011,0.5838273472465915,1.1177810744959462,0.7033103054697151,0.954301321208129,0.7038306553632883,-1,False
0.8141109461492219,0.517841806264325,0.8888729528778451,0.5747618947242679,0.990877201417701,0.597276616516238,-1,False
1.0296022887682081,0.8259277726119768,1.2274211522324712,0.8614218826851334,1.114857951028264,0.829165491586278,-1,False
0.622039634429487,0.4250326507051063,0.7979816429714611,0.685597771456626,0.7748552102740268,0.7304247899907279,-1,False
1.2025409010980905,0.7259331434991967,1.3679736151604642,0.8879744874645727,1.2552449261397736,0.6665367087308278,-1,False
0.9376503929506405,0.5762746917640743,1.1087019977061214,0.9227988400312586,0.9987683489829069,0.5304416468244062,-1,False
1.051184769554476,0.6174978119859372,1.178240082202764,0.9192960359710729,1.1484003000170393,0.607694517974535,-1,False
0.8919480537250415,0.7274932006294403,0.9769598615945007,0.9711095618356507,1.0766808283695617,0.6564348775956006,-1,False
1.1178899992231435,0.8326762562145194,1.2612339439359503,0.9771110593795531,1.0421026287224149,0.8603965223006631,-1,False
1.1265368282766968,0.8255493702397361,1.207895179533832,0.7683974349416623,1.1253074896198494,1.0873366537927278,-1,False
0.868680597601677,0.6627492344851208,1.0153136030496517,1.0114459555149669,0.9425643220351374,0.5222840418377673,-1,False
0.927358614944025,0.8717255686709895,1.0618672868393986,0.9910356894758915,1.226171862833857,0.8077445350483283,-1,False
1.0901847834212126,0.7744783960619007,1.2063906670967972,0.9397429946545567,1.078949894470526,0.7400248789579746,-1,False
0.9453086175556946,0.5887696527791227,0.9844064980542625,0.8187520920918281,1.1813513800111346,0.862590113768314,-1,False
1.0380514503874156,0.6166105842713038,1.3271680324591903,0.8200582828154503,0.924884260355512,0.6772735273218033,-1,False
0.8754747535311398,0.5778695217022265,0.9422139676517035,0.6962172573180151,1.12487915997572,0.7923529900050952,-1,False
0.7857068128024614,0.46329421108154417,0.9946798367166562,0.6189489912131259,0.9143374658502728,0.44065935170913895,-1,False
1.0414650943261896,0.6666937569159571,1.1074343830693048,0.7743620489239995,1.1898805538998,0.7199403317971328,-1,False
1.1316494357211182,0.6350588295459184,1.3392260922661836,0.9197650246280973,1.0299753230294173,0.659927869814753,-1,False
1.0846277388493641,0.4861573156975262,1.2233404531516823,0.7863486869345575,1.0690103025368973,0.4591029859498072,-1,False
0.733681263197891,0.6328323596524965,0.9794116400502876,0.7749603317375313,0.9538011750456544,0.6056968880350062,-1,False
0.9174588312627147,0.2698551482475476,1.2160463363693628,0.7111645642004268,0.8012012096466613,0.23913278247530945,-1,False
0.9534914553875915,0.6705423099797536,1.0509271001391214,0.8477261169703182,1.0737870228288822,0.763260704453913,-1,False
1.0453547796233673,0.8367870911742985,1.2463616599558742,0.9581430408992541,0.9980866185325874,0.9301313851453862,-1,False
0.9110022670243941,0.5723158912828955,1.0718885031240122,0.71523915871626,1.0485825347496467,0.6589301387183268,-1,False
1.1357264043958994,0.9178427174718005,1.3318897183614182,1.1236959125933228,1.034916167859289,0.8552884593773813,-1,False
0.9997137963565643,0.7493313141778594,1.070893184914584,0.8432199674299591,1.1030304117168104,0.8218113961934922,-1,False
1.224855613780571,0.7188402900386806,1.3079622426078419,0.8917327330312179,1.222811307093726,0.837441983788389,-1,False
0.857569091711055,0.3468957989765511,1.276592685665506,0.9805312127560923,0.7262168312372067,0.5596873332286413,-1,False
1.0333557621279146,0.6119222916581006,1.2238063622700572,0.8880091083749064,1.1165631769049755,0.6627397329279568,-1,False
0.8766307858868794,0.4769141866260727,0.9595982941575862,0.5873019698526414,1.085403634297619,0.5854564967092994,-1,False
0.9396723854784218,0.6091405551534951,1.058697513902214,0.8608691452926738,1.0312868182615378,0.6010389424227643,-1,False
1.1810871264401255,0.9017221954146213,1.3591025819653468,1.0369033023282854,1.2064741279708344,0.9675184661027423,-1,False
0.9239729306484075,0.5279687927428756,1.126962720405052,0.8854074740190541,0.858727375761555,0.5414148993598185,-1,False
0.90897931917361,0.45486311281925446,1.0788018143187474,0.6827532864341971,0.9264043772664352,0.4967493551784363,-1,False
1.2168594420343195,0.8962970191941666,1.254056368593418,0.9274145896032887,1.2689297167290414,0.9969290831562163,-1,False
1.2213083215137046,0.9427003922348766,1.420734466848251,1.1212938361897988,1.1078296428195817,0.8680925862403865,-1,False
1.1581161978111725,0.760784442703779,1.2832346971659025,0.8432893607415671,1.2751986924905372,0.8917712716932621,-1,False
1.0499705913062112,0.7372439524269472,1.2569275899665808,0.9317877057834267,1.1669807148521518,0.6990900841889582,-1,False
1.147348281673511,0.897248929432823,1.2808078442855106,1.0448158504925225,1.2164984997502646,0.9016940012981891,-1,False
1.0401119719544347,0.7719406448541798,1.2025867374712238,0.9141910544547771,1.2250839176738426,0.6433011964260344,25000,True
0.7968781553549701,0.6349298336525776,0.9101104503447259,0.9022358738506709,1.122099519665266,0.5845468722786548,-1,False
1.1009710566115471,0.5556017933529573,1.2769811202006107,0.9108814520437523,1.0042847152420864,0.4620606305277324,-1,False
0.9614173195422331,0.551218998018519,1.0413312623816062,0.8563177860722901,0.9792131326472939,0.5857320314352525,-1,False
0.8200966444911922,0.65010856599843,0.9522621287458697,0.7784410839155397,1.1268541144478246,0.9242538217711365,-1,False
0.9975735710330533,0.8237065036350442,1.046046656769333,1.0303164286369222,1.1908987394439576,0.8750742882343843,-1,False
0.9084918206196657,0.7231079659820239,1.0639651279073166,0.9436540961583357,1.2003901063318003,0.6668135798992286,-1,False
1.0572098365819056,0.592702484911273,1.1304787479113858,0.6636577723985705,1.0874388969482784,0.6196542538519089,-1,False
0.8802902843051368,0.540178101207253,0.9527186289300077,0.6115509123894293,1.1702631666804482,0.6600189985521197,-1,False
1.0440509375767155,0.7928502099845934,1.140303843663118,1.0860894039942282,1.252579416866456,0.8420194127259866,-1,False
0.9830874025465666,0.6429942629387456,1.0734362313544115,0.9002400841352229,1.1712919280346472,0.7753920863280512,-1,False
0.9325396612591801,0.7270900921485293,1.055834709490349,0.7102074612364133,1.0628155071765437,0.7528656033771319,-1,False
0.9383191224203485,0.8211154684951231,1.0515973910762164,0.8752968789274126,1.019372477355287,0.8805037300325732,-1,False
0.9743162858752283,0.584963779196602,1.070098941489392,0.7654583249275229,1.1253512988925225,0.6245208023088026,-1,False
1.1665045423804723,0.5988438935117851,1.2915828274534886,0.6884895643622746,1.084724579902279,0.5486321412374522,-1,False
0.8925462050432107,0.4979941597315606,1.0802036439117801,0.8075955999077413,1.0028781122736383,0.5332379392622703,-1,False
1.0887755780171582,0.76217182584144,1.176224425798499,0.8195986155593256,1.2228556490061766,0.7606662304782165,285000,True
0.9374397576126355,0.5979267065496597,1.034367232477027,0.8149188259268892,0.9844268448436484,0.5694856877351022,-1,False
0.9782090336361986,0.8602627623631309,1.0122257118555618,0.8618846963663371,1.2040341019415797,0.8585726645077251,-1,False
0.9100189052740008,0.7230138816154221,1.077065836840744,0.7779898108335163,1.0377920635462738,0.7010535840107168,-1,False
0.8127842386695995,0.6902357223676929,0.9610710673852818,0.846304453286257,1.2059598514438985,0.7606126019080166,-1,False
0.8566531797266669,0.4665263605851925,1.072228719947909,0.6826226364787337,0.7967637796380612,0.520028328144164,-1,False
0.9846149026930378,0.6788334107720031,1.106663963938057,0.7607166919157746,1.1209792873706816,0.8780354149511944,-1,False
1.1244607979322587,0.7751495159132286,1.2540556563076086,0.7717769754861108,1.0945831086102993,0.8992846189755026,-1,False
0.9708906170031631,0.6820737094177111,1.1089625588892984,0.81823546853815,1.2333747764873981,0.777635527206482,-1,False
0.9773596107077531,0.6507208422490971,1.1995919183298545,0.7498438200069285,1.0452410006400323,0.5975173211002027,-1,False
0.8166357553592696,0.6842843846892437,0.9461136638090248,0.8041983532523841,1.2504118179012251,1.0651961046204945,-1,False
0.9409327760183247,0.8077157182753361,1.5227584891653525,0.9011588056754218,0.722087708311106,0.7172689396180791,-1,False
0.7927308429870914,0.43175299776079934,0.8789192987730675,0.5818084321187428,1.0326466918729917,0.7123894471376441,-1,False
0.9298016239837821,0.7985519605585606,1.0549135955984241,0.9018108477644855,0.9777929651355509,0.7289119396748263,-1,False
1.0042966833997453,0.6022155998455887,1.165393093297487,0.9029984908285662,1.0705658640267315,0.8102118559621462,-1,False
1.1188344567137796,0.6606164154867414,1.2748695977809676,0.8155119318563577,1.1732647911219303,0.7868437247469484,-1,False
0.8813992324956523,0.5716667235788878,0.9923068056735618,0.6331683809082113,1.0731774234898468,0.6622547897655748,-1,False
0.9836944908712231,0.6654075325205732,1.1558870781869068,0.7757737846954724,1.1090121249456888,0.7194560191412556,-1,False
0.8982018609578373,0.7351961725549816,1.1135614215472147,0.7353490092364332,1.0690614408804915,0.7812592823183012,-1,False
0.9460709315551974,0.7295113276293343,1.1307285902520525,0.8868155418372325,1.0531159353591422,0.8217756210935332,-1,False
1.14003909502457,0.8212862609915981,1.2750755419151611,0.9539557292221245,1.2666185366950466,0.7877104654857167,-1,False
0.9840259998191215,0.815223100507071,1.1208975846509404,1.0110678382987208,1.1077367740565265,0.7676727086277916,-1,False
1.0692328609891157,0.509730742991771,1.2452802650447183,0.6954340302878493,0.9902161010951166,0.6999640919533172,-1,False
0.9672256037692635,0.7769206233680379,1.0965633064893465,0.8573482695248867,1.0265077254555068,0.9932018284743482,-1,False
1.1090629471234477,0.6687824404388142,1.2539929925120068,0.8950352988432952,1.0335260370124992,0.7642586874699673,-1,False
1.0612477705586565,0.8123431742300915,1.1951973339301982,0.990706636012839,1.1123998119629777,0.8379962223215384,-1,False
1.004109376919336,0.6997415076187059,1.1957189693359578,0.8690665341457794,0.9979393720071128,0.5936408658791965,-1,False
1.2008936187842358,0.9441667562984789,1.3049312304309297,1.0319005567792425,1.4072975594943469,0.900421215204965,-1,False
0.9947733599048034,0.6291493631464725,1.0954829170170495,0.6685054210948544,1.1630467042177388,0.6834468040307813,-1,False
0.8631398302208867,0.548107334717788,1.0427353129299908,0.7736451432787026,1.0434183581646677,0.564095720195259,-1,False
1.028581845537595,0.8055396122012577,1.1646327815406516,0.9475379354749185,1.165050677691249,0.7137141679161131,-1,False
0.9359408845974228,0.7772642149652004,1.1459598946268823,0.9578137485074867,1.1066415130434448,0.7856840094020083,-1,False
0.9301076479412204,0.8626527334466998,1.093280630804674,0.783200087003088,1.0911095701035323,0.7535073096930046,-1,False
0.9677599985818851,0.6432533598667383,1.1091929908765188,0.7500678732870942,0.9900683540479839,0.5938611062887602,-1,False
0.9536291843326362,0.7184918685098421,1.1122916817217672,0.955003056044042,1.1352892514561344,0.6697928691002432,-1,False
1.0900221849409082,0.6972338369593145,1.025455985353312,0.7465469568304028,1.1003843752347933,0.784151770032283,-1,False
1.2021660874884452,0.7995180445032306,1.389181302441789,0.9850924356323278,1.187139583185042,0.7242909410155658,-1,False
1.1064239883281493,0.7225895868867994,1.269132806403987,0.8112966423286571,1.0089091979371398,0.6669664782266083,-1,False
1.123888736283164,0.7786642623863717,1.2700201253979577,0.913082136778784,1.0414958943252444,0.9329506500169726,-1,False
1.2060983071756914,0.9054098823248046,1.3454627237369932,1.1167211654208709,1.255928132580995,0.8537224968690196,-1,False
1.0968887882483245,0.6997814279994393,1.164755893993025,0.7638120304381057,1.070726483764122,0.6359927784376412,-1,False
0.8156073167931575,0.6403040490773496,0.9921334877334873,0.7661136821114384,0.8880841925298226,0.8165476086149678,-1,False
1.168348190168977,0.8823251484850108,1.3856606146894752,1.0108123737175154,1.0402490249864944,0.731643108238056,-1,False
0.8431882249976924,0.5477558926580651,0.9044911540321245,0.6453148246766379,1.0912600075510184,0.8263690179348161,-1,False
0.9126240647994894,0.5219395867336495,1.0863221863731505,0.7917602847493836,1.094881495761967,0.6587470005380806,-1,False
1.2621886722474864,0.8611693072928579,1.3978058707954764,1.0408826679274312,1.2365536049870913,0.7974241778764021,-1,False
1.061263535735446,0.7866890867864036,1.2011790196872143,0.8480980033942622,1.1175620083032025,0.7554204040729693,-1,False
1.0781280940012945,0.9017505389145595,1.1750791057706798,1.0039756437039276,1.257668240856808,0.9575975739003961,-1,False
0.9299352229722374,0.5829070747135291,1.115052757676022,0.7286778294033446,0.9073640832679544,0.5517960057296644,-1,False
1.1665665605075057,0.794075131958536,1.29619708664411,0.8693867805727138,1.1900879160180442,0.9009266053218581,-1,False
0.9304583697833565,0.6621403269826002,1.0015594243451325,0.9227544987710596,1.1690873721473847,0.5914753029037031,-1,False
0.9006648591860782,0.7234705842919816,1.0336893175064497,0.794803870662147,1.1696825325676334,0.9089990937381456,-1,False
0.9710478257618905,0.5377370419790106,1.094900822316426,0.6016825584315219,1.147086191409737,0.8160793069555503,-1,False
0.8625977549188724,0.5720855295247005,0.9922486719204624,0.472544954341346,0.8052828537001311,0.5504958762145861,-1,False
0.9618747798379457,0.5980430054120134,1.0979412412137162,0.7654675189421116,0.8884384753281893,0.57101821838611,-1,False
0.9608598395971634,0.5504197407173572,1.107909837975248,0.80924997541745,1.0521620070492788,0.6164833078643427,-1,False
0.9878180929909671,0.35900963450916523,1.1962511023477818,0.6521952603186298,0.8784497341368944,0.3732238906912001,-1,False
0.8227146583328966,0.6873840671393677,0.9023024573375982,0.6974612740126533,1.2404861741457807,0.6602711973660766,-1,False
1.0377462720381045,0.49708577727318626,1.2356188834913893,0.5414925825025809,1.0060996911956708,0.6812055105200517,-1,False
0.9458577719437065,0.4678857100430428,1.0573938361006818,0.567056302877732,1.0577711786834518,0.8470506199918637,-1,False
0.9740770704921828,0.6209033365763759,1.101591596482832,0.7588931582949545,1.1501568969202942,0.7034709119603609,-1,False
1.075107004410434,0.6848505792999743,1.0863501619187335,0.7136532229960542,1.23696628847483,0.8738127642473488,-1,False
0.9389136809780858,0.5253468290920318,1.1450539567360216,0.7708173198851086,1.0795599624782082,0.5951813560769323,25000,True
0.7610626429925439,0.6356798669001241,0.8201708373336692,0.6962438334942733,1.070352318340675,0.898460042190201,-1,False
